,Trial,Start Frame,Stop Frame,Trial Type,Num Reaches,Which Hand,Tug,Hand Switch,Num Frames,Date,Session,Rat,Nonbin Num Reaches,Nonbin Which Hand
0,1.0,0.0,0.0,0.0,0.0,0.0,1.0,0.0,0.0,17,S1,RM16,1.0,1.0
1,2.0,0.0,0.0,0.0,0.0,0.0,1.0,0.0,0.0,17,S1,RM16,1.0,1.0
2,3.0,0.0,0.0,0.0,0.0,0.0,0.0,0.0,0.0,17,S1,RM16,1.0,1.0
3,4.0,0.0,0.0,0.0,0.0,0.0,0.0,0.0,0.0,17,S1,RM16,1.0,1.0
4,5.0,0.0,0.0,0.0,1.0,0.0,0.0,0.0,0.0,17,S1,RM16,2.0,1.0
5,6.0,0.0,0.0,0.0,1.0,1.0,1.0,0.0,0.0,17,S1,RM16,2.0,2.0
6,7.0,0.0,0.0,0.0,1.0,1.0,0.0,0.0,0.0,17,S1,RM16,4.0,2.0
7,8.0,0.0,0.0,0.0,0.0,1.0,0.0,0.0,0.0,17,S1,RM16,1.0,2.0
8,9.0,0.0,0.0,0.0,0.0,0.0,1.0,0.0,0.0,17,S1,RM16,1.0,1.0
9,10.0,0.0,0.0,0.0,0.0,0.0,1.0,0.0,0.0,17,S1,RM16,1.0,1.0
10,11.0,0.0,0.0,0.0,0.0,1.0,1.0,0.0,0.0,17,S1,RM16,1.0,2.0
11,12.0,0.0,0.0,0.0,1.0,1.0,1.0,0.0,0.0,17,S1,RM16,3.0,2.0
12,13.0,0.0,0.0,0.0,1.0,1.0,1.0,0.0,0.0,17,S1,RM16,3.0,2.0
13,14.0,0.0,0.0,0.0,0.0,1.0,1.0,0.0,0.0,17,S1,RM16,1.0,3.0
14,15.0,0.0,0.0,0.0,0.0,0.0,1.0,0.0,0.0,17,S1,RM16,1.0,1.0
15,16.0,0.0,0.0,0.0,0.0,0.0,1.0,0.0,0.0,17,S1,RM16,1.0,1.0
16,17.0,0.0,0.0,0.0,0.0,1.0,1.0,0.0,0.0,17,S1,RM16,1.0,2.0
17,19.0,0.0,0.0,0.0,1.0,1.0,1.0,0.0,0.0,17,S1,RM16,2.0,3.0
18,20.0,0.0,0.0,0.0,0.0,0.0,1.0,0.0,0.0,17,S1,RM16,1.0,1.0
19,21.0,0.0,0.0,0.0,0.0,1.0,1.0,0.0,0.0,17,S1,RM16,1.0,3.0
20,22.0,0.0,0.0,0.0,0.0,0.0,1.0,0.0,0.0,17,S1,RM16,1.0,1.0
21,23.0,0.0,0.0,0.0,0.0,1.0,1.0,0.0,0.0,17,S1,RM16,1.0,2.0
22,24.0,0.0,0.0,0.0,0.0,0.0,1.0,0.0,0.0,17,S1,RM16,1.0,1.0
23,25.0,0.0,0.0,0.0,0.0,1.0,1.0,0.0,0.0,17,S1,RM16,1.0,2.0
24,26.0,0.0,0.0,0.0,0.0,0.0,1.0,0.0,0.0,17,S1,RM16,1.0,1.0
25,18.0,0.0,0.0,0.0,0.0,1.0,1.0,0.0,0.0,17,S1,RM16,1.0,2.0
26,0.0,0.0,0.0,0.0,1.0,0.0,1.0,1.0,0.0,17,S1,RM16,2.0,1.0
27,1.0,0.0,0.0,0.0,0.0,0.0,0.0,0.0,0.0,18,S1,RM16,1.0,1.0
28,2.0,0.0,0.0,0.0,1.0,0.0,0.0,0.0,0.0,18,S1,RM16,3.0,1.0
29,4.0,0.0,0.0,0.0,1.0,1.0,0.0,1.0,0.0,18,S1,RM16,3.0,2.0
30,5.0,0.0,0.0,0.0,0.0,0.0,0.0,0.0,0.0,18,S1,RM16,1.0,1.0
31,6.0,0.0,0.0,0.0,0.0,0.0,0.0,0.0,0.0,18,S1,RM16,1.0,1.0
32,7.0,0.0,0.0,0.0,1.0,1.0,0.0,0.0,0.0,18,S1,RM16,2.0,2.0
33,9.0,0.0,0.0,0.0,0.0,0.0,0.0,0.0,0.0,18,S1,RM16,1.0,1.0
34,10.0,0.0,0.0,0.0,0.0,1.0,0.0,0.0,0.0,18,S1,RM16,1.0,2.0
35,12.0,0.0,0.0,0.0,0.0,1.0,0.0,0.0,0.0,18,S1,RM16,1.0,2.0
36,14.0,0.0,0.0,0.0,0.0,1.0,1.0,0.0,0.0,18,S1,RM16,1.0,2.0
37,15.0,0.0,0.0,0.0,0.0,0.0,0.0,0.0,0.0,18,S1,RM16,1.0,1.0
38,17.0,0.0,0.0,0.0,0.0,1.0,0.0,0.0,0.0,18,S1,RM16,1.0,2.0
39,0.0,0.0,0.0,0.0,1.0,0.0,0.0,0.0,0.0,18,S1,RM16,4.0,1.0
40,3.0,0.0,0.0,0.0,1.0,1.0,0.0,1.0,0.0,18,S1,RM16,4.0,2.0
41,8.0,0.0,0.0,0.0,1.0,1.0,0.0,1.0,0.0,18,S1,RM16,11.0,2.0
42,11.0,0.0,0.0,0.0,1.0,0.0,0.0,0.0,0.0,18,S1,RM16,7.0,1.0
43,13.0,0.0,0.0,0.0,1.0,0.0,0.0,0.0,0.0,18,S1,RM16,7.0,1.0
44,16.0,0.0,0.0,0.0,1.0,0.0,0.0,0.0,0.0,18,S1,RM16,2.0,1.0
45,18.0,0.0,0.0,0.0,1.0,0.0,0.0,0.0,0.0,18,S1,RM16,6.0,1.0
46,1.0,0.0,0.0,0.0,0.0,0.0,0.0,0.0,0.0,17,S2,RM16,1.0,1.0
47,2.0,0.0,0.0,0.0,0.0,1.0,1.0,0.0,0.0,17,S2,RM16,1.0,2.0
48,3.0,0.0,0.0,0.0,1.0,1.0,1.0,0.0,0.0,17,S2,RM16,2.0,2.0
49,4.0,0.0,0.0,0.0,0.0,1.0,1.0,0.0,0.0,17,S2,RM16,1.0,2.0
50,5.0,0.0,0.0,0.0,0.0,1.0,1.0,0.0,0.0,17,S2,RM16,1.0,2.0
51,6.0,0.0,0.0,0.0,1.0,1.0,1.0,0.0,0.0,17,S2,RM16,2.0,2.0
52,7.0,0.0,0.0,0.0,0.0,1.0,1.0,0.0,0.0,17,S2,RM16,1.0,2.0
53,8.0,0.0,0.0,0.0,1.0,0.0,1.0,0.0,0.0,17,S2,RM16,2.0,1.0
54,9.0,0.0,0.0,0.0,1.0,0.0,1.0,0.0,0.0,17,S2,RM16,3.0,1.0
55,10.0,0.0,0.0,0.0,1.0,0.0,0.0,0.0,0.0,17,S2,RM16,2.0,1.0
56,11.0,0.0,0.0,0.0,1.0,0.0,0.0,0.0,0.0,17,S2,RM16,2.0,1.0
57,12.0,0.0,0.0,0.0,1.0,1.0,0.0,0.0,0.0,17,S2,RM16,2.0,2.0
58,13.0,0.0,0.0,0.0,1.0,1.0,0.0,0.0,0.0,17,S2,RM16,2.0,2.0
59,14.0,0.0,0.0,0.0,0.0,0.0,1.0,0.0,0.0,17,S2,RM16,1.0,1.0
60,15.0,0.0,0.0,0.0,0.0,0.0,1.0,0.0,0.0,17,S2,RM16,1.0,1.0
61,16.0,0.0,0.0,0.0,0.0,1.0,0.0,0.0,0.0,17,S2,RM16,1.0,2.0
62,17.0,0.0,0.0,0.0,0.0,0.0,0.0,0.0,0.0,17,S2,RM16,1.0,1.0
63,18.0,0.0,0.0,0.0,1.0,0.0,0.0,0.0,0.0,17,S2,RM16,2.0,1.0
64,19.0,0.0,0.0,0.0,0.0,0.0,1.0,0.0,0.0,17,S2,RM16,1.0,1.0
65,20.0,0.0,0.0,0.0,1.0,0.0,0.0,0.0,0.0,17,S2,RM16,2.0,1.0
66,21.0,0.0,0.0,0.0,0.0,1.0,1.0,0.0,0.0,17,S2,RM16,1.0,2.0
67,22.0,0.0,0.0,0.0,0.0,1.0,1.0,0.0,0.0,17,S2,RM16,1.0,2.0
68,23.0,0.0,0.0,0.0,0.0,0.0,1.0,0.0,0.0,17,S2,RM16,1.0,1.0
69,24.0,0.0,0.0,0.0,0.0,0.0,1.0,0.0,0.0,17,S2,RM16,1.0,1.0
70,25.0,0.0,0.0,0.0,0.0,0.0,1.0,0.0,0.0,17,S2,RM16,1.0,1.0
71,26.0,0.0,0.0,0.0,0.0,0.0,1.0,0.0,0.0,17,S2,RM16,1.0,1.0
72,27.0,0.0,0.0,0.0,0.0,0.0,1.0,0.0,0.0,17,S2,RM16,1.0,1.0
73,28.0,0.0,0.0,0.0,1.0,1.0,0.0,1.0,0.0,17,S2,RM16,6.0,2.0
74,30.0,0.0,0.0,0.0,1.0,1.0,1.0,0.0,0.0,17,S2,RM16,15.0,2.0
75,31.0,0.0,0.0,0.0,0.0,0.0,1.0,0.0,0.0,17,S2,RM16,1.0,1.0
76,32.0,0.0,0.0,0.0,0.0,0.0,0.0,0.0,0.0,17,S2,RM16,1.0,1.0
77,33.0,0.0,0.0,0.0,0.0,1.0,0.0,0.0,0.0,17,S2,RM16,1.0,2.0
78,34.0,0.0,0.0,0.0,1.0,0.0,1.0,0.0,0.0,17,S2,RM16,3.0,1.0
79,35.0,0.0,0.0,0.0,0.0,0.0,1.0,0.0,0.0,17,S2,RM16,1.0,1.0
80,36.0,0.0,0.0,0.0,1.0,0.0,1.0,0.0,0.0,17,S2,RM16,3.0,1.0
81,0.0,0.0,0.0,0.0,0.0,1.0,1.0,0.0,0.0,17,S2,RM16,1.0,2.0
82,29.0,0.0,0.0,0.0,1.0,0.0,0.0,0.0,0.0,17,S2,RM16,3.0,1.0
83,37.0,0.0,0.0,0.0,0.0,0.0,1.0,0.0,0.0,17,S2,RM16,1.0,1.0
84,1.0,1.0,1.0,0.0,0.0,0.0,1.0,0.0,0.0,20,S3,RM16,1.0,1.0
85,2.0,1.0,1.0,0.0,0.0,0.0,0.0,0.0,0.0,20,S3,RM16,1.0,1.0
86,3.0,1.0,1.0,0.0,1.0,1.0,1.0,1.0,0.0,20,S3,RM16,2.0,3.0
87,4.0,1.0,1.0,0.0,0.0,0.0,1.0,0.0,0.0,20,S3,RM16,1.0,1.0
88,6.0,1.0,1.0,0.0,0.0,0.0,1.0,0.0,0.0,20,S3,RM16,1.0,1.0
89,7.0,1.0,1.0,0.0,1.0,0.0,1.0,0.0,0.0,20,S3,RM16,2.0,1.0
90,8.0,1.0,1.0,0.0,0.0,0.0,0.0,0.0,0.0,20,S3,RM16,1.0,1.0
91,10.0,1.0,1.0,0.0,1.0,0.0,1.0,0.0,0.0,20,S3,RM16,2.0,1.0
92,17.0,1.0,1.0,0.0,0.0,0.0,1.0,0.0,0.0,20,S3,RM16,1.0,1.0
93,18.0,1.0,1.0,0.0,1.0,0.0,0.0,1.0,0.0,20,S3,RM16,2.0,1.0
94,19.0,1.0,1.0,0.0,1.0,0.0,0.0,1.0,0.0,20,S3,RM16,2.0,1.0
95,20.0,1.0,1.0,0.0,1.0,0.0,1.0,0.0,0.0,20,S3,RM16,3.0,1.0
96,21.0,1.0,1.0,0.0,1.0,0.0,1.0,0.0,0.0,20,S3,RM16,2.0,1.0
97,22.0,1.0,1.0,0.0,0.0,0.0,0.0,0.0,0.0,20,S3,RM16,1.0,1.0
98,23.0,1.0,1.0,0.0,0.0,0.0,0.0,0.0,0.0,20,S3,RM16,1.0,1.0
99,24.0,1.0,1.0,0.0,1.0,0.0,0.0,0.0,0.0,20,S3,RM16,2.0,1.0
100,25.0,1.0,1.0,0.0,1.0,0.0,1.0,0.0,0.0,20,S3,RM16,4.0,1.0
101,26.0,1.0,1.0,0.0,1.0,0.0,0.0,1.0,0.0,20,S3,RM16,3.0,1.0
102,27.0,1.0,1.0,0.0,0.0,0.0,1.0,0.0,0.0,20,S3,RM16,1.0,1.0
103,28.0,1.0,1.0,0.0,1.0,0.0,0.0,0.0,0.0,20,S3,RM16,2.0,1.0
104,30.0,1.0,1.0,0.0,1.0,0.0,0.0,0.0,0.0,20,S3,RM16,2.0,1.0
105,31.0,1.0,1.0,0.0,1.0,0.0,0.0,0.0,0.0,20,S3,RM16,2.0,1.0
106,32.0,1.0,1.0,0.0,1.0,0.0,1.0,0.0,0.0,20,S3,RM16,4.0,1.0
107,33.0,1.0,1.0,0.0,1.0,1.0,0.0,1.0,0.0,20,S3,RM16,2.0,2.0
108,34.0,1.0,1.0,0.0,0.0,0.0,0.0,0.0,0.0,20,S3,RM16,1.0,1.0
109,35.0,1.0,1.0,0.0,0.0,0.0,0.0,0.0,0.0,20,S3,RM16,1.0,1.0
110,37.0,1.0,1.0,0.0,0.0,0.0,1.0,0.0,0.0,20,S3,RM16,1.0,1.0
111,38.0,1.0,1.0,0.0,1.0,0.0,0.0,0.0,0.0,20,S3,RM16,2.0,1.0
112,39.0,1.0,1.0,0.0,1.0,0.0,0.0,0.0,0.0,20,S3,RM16,3.0,1.0
113,40.0,1.0,1.0,0.0,0.0,0.0,0.0,0.0,0.0,20,S3,RM16,1.0,1.0
114,43.0,1.0,1.0,0.0,0.0,1.0,0.0,0.0,0.0,20,S3,RM16,1.0,3.0
115,44.0,1.0,1.0,0.0,1.0,0.0,1.0,0.0,0.0,20,S3,RM16,2.0,1.0
116,45.0,1.0,1.0,0.0,0.0,0.0,0.0,0.0,0.0,20,S3,RM16,1.0,1.0
117,46.0,1.0,1.0,0.0,0.0,0.0,0.0,0.0,0.0,20,S3,RM16,1.0,1.0
118,47.0,1.0,1.0,0.0,0.0,0.0,0.0,0.0,0.0,20,S3,RM16,1.0,1.0
119,48.0,1.0,1.0,0.0,1.0,0.0,1.0,0.0,0.0,20,S3,RM16,2.0,1.0
120,0.0,1.0,1.0,1.0,0.0,1.0,1.0,0.0,0.0,20,S3,RM16,0.0,5.0
121,5.0,1.0,1.0,0.0,1.0,1.0,1.0,0.0,0.0,20,S3,RM16,4.0,2.0
122,9.0,1.0,1.0,0.0,1.0,0.0,1.0,0.0,0.0,20,S3,RM16,3.0,1.0
123,11.0,1.0,1.0,0.0,0.0,0.0,1.0,0.0,0.0,20,S3,RM16,1.0,1.0
124,12.0,1.0,1.0,0.0,0.0,0.0,1.0,0.0,0.0,20,S3,RM16,1.0,1.0
125,13.0,1.0,1.0,0.0,0.0,0.0,1.0,0.0,0.0,20,S3,RM16,1.0,1.0
126,14.0,1.0,1.0,0.0,0.0,0.0,1.0,0.0,0.0,20,S3,RM16,1.0,1.0
127,15.0,1.0,1.0,0.0,0.0,0.0,1.0,0.0,0.0,20,S3,RM16,1.0,1.0
128,16.0,1.0,1.0,1.0,0.0,1.0,1.0,0.0,0.0,20,S3,RM16,0.0,5.0
129,29.0,1.0,1.0,0.0,1.0,0.0,1.0,0.0,0.0,20,S3,RM16,4.0,1.0
130,36.0,1.0,1.0,0.0,1.0,1.0,1.0,1.0,0.0,20,S3,RM16,9.0,2.0
131,41.0,1.0,1.0,0.0,1.0,0.0,1.0,0.0,0.0,20,S3,RM16,6.0,1.0
132,42.0,1.0,1.0,0.0,1.0,1.0,1.0,1.0,0.0,20,S3,RM16,8.0,2.0
133,49.0,1.0,1.0,0.0,1.0,1.0,1.0,0.0,0.0,20,S3,RM16,4.0,2.0
134,0.0,1723.0,2284.0,1.0,0.0,1.0,0.0,0.0,30.0,19,S3,RM16,0.0,5.0
135,1.0,5593.0,6156.0,1.0,0.0,1.0,0.0,0.0,27.0,19,S3,RM16,0.0,5.0
136,2.0,7866.0,8441.0,0.0,1.0,0.0,0.0,0.0,14.0,19,S3,RM16,2.0,1.0
137,3.0,8873.0,9426.0,0.0,1.0,0.0,0.0,0.0,20.0,19,S3,RM16,7.0,1.0
138,4.0,10101.0,10665.0,0.0,1.0,0.0,0.0,0.0,15.0,19,S3,RM16,3.0,1.0
139,5.0,12962.0,13524.0,0.0,1.0,0.0,0.0,0.0,27.0,19,S3,RM16,8.0,1.0
140,6.0,14760.0,15351.0,0.0,1.0,1.0,0.0,1.0,25.0,19,S3,RM16,2.0,3.0
141,7.0,15802.0,16431.0,0.0,1.0,1.0,0.0,1.0,30.0,19,S3,RM16,3.0,3.0
142,8.0,17400.0,17964.0,0.0,1.0,0.0,0.0,0.0,13.0,19,S3,RM16,3.0,1.0
143,9.0,18923.0,19485.0,0.0,1.0,0.0,0.0,0.0,19.0,19,S3,RM16,4.0,1.0
144,10.0,20044.0,20604.0,0.0,1.0,0.0,0.0,0.0,6.0,19,S3,RM16,5.0,1.0
145,11.0,24406.0,24969.0,0.0,0.0,0.0,0.0,0.0,6.0,19,S3,RM16,1.0,1.0
146,12.0,26962.0,27521.0,0.0,0.0,0.0,0.0,0.0,5.0,19,S3,RM16,1.0,1.0
147,13.0,27980.0,28536.0,0.0,1.0,0.0,0.0,0.0,18.0,19,S3,RM16,12.0,1.0
148,14.0,29034.0,29596.0,0.0,1.0,1.0,0.0,1.0,13.0,19,S3,RM16,6.0,3.0
149,15.0,30106.0,30665.0,0.0,0.0,0.0,0.0,0.0,8.0,19,S3,RM16,1.0,1.0
150,16.0,38998.0,39591.0,0.0,1.0,0.0,0.0,0.0,4.0,19,S3,RM16,2.0,1.0
151,17.0,40033.0,40594.0,1.0,0.0,1.0,0.0,0.0,32.0,19,S3,RM16,0.0,5.0
152,18.0,45355.0,45914.0,0.0,1.0,0.0,0.0,0.0,6.0,19,S3,RM16,7.0,1.0
153,19.0,46845.0,47405.0,0.0,0.0,0.0,0.0,0.0,7.0,19,S3,RM16,1.0,1.0
154,20.0,50359.0,50949.0,0.0,0.0,0.0,0.0,1.0,8.0,19,S3,RM16,1.0,1.0
155,21.0,58229.0,58793.0,0.0,1.0,0.0,1.0,1.0,12.0,19,S3,RM16,2.0,1.0
156,22.0,59596.0,60427.0,0.0,1.0,0.0,0.0,0.0,9.0,19,S3,RM16,2.0,1.0
157,23.0,60903.0,61466.0,0.0,0.0,0.0,0.0,0.0,4.0,19,S3,RM16,1.0,1.0
158,24.0,62233.0,62790.0,0.0,1.0,0.0,1.0,0.0,10.0,19,S3,RM16,2.0,1.0
159,25.0,66026.0,66600.0,0.0,1.0,0.0,0.0,0.0,27.0,19,S3,RM16,9.0,1.0
160,26.0,67473.0,68046.0,0.0,0.0,0.0,0.0,1.0,7.0,19,S3,RM16,1.0,1.0
161,27.0,68689.0,69260.0,0.0,1.0,1.0,0.0,1.0,9.0,19,S3,RM16,2.0,3.0
162,28.0,70046.0,70617.0,0.0,1.0,1.0,0.0,1.0,5.0,19,S3,RM16,2.0,3.0
163,29.0,71050.0,71622.0,0.0,1.0,1.0,1.0,1.0,7.0,19,S3,RM16,11.0,3.0
164,30.0,72914.0,73501.0,0.0,0.0,0.0,0.0,0.0,10.0,19,S3,RM16,1.0,1.0
165,31.0,74777.0,75368.0,0.0,1.0,1.0,0.0,1.0,9.0,19,S3,RM16,3.0,3.0
166,32.0,81538.0,82106.0,0.0,1.0,0.0,0.0,1.0,13.0,19,S3,RM16,9.0,1.0
167,33.0,82534.0,83114.0,0.0,1.0,1.0,1.0,1.0,12.0,19,S3,RM16,4.0,3.0
168,34.0,83546.0,84118.0,0.0,1.0,0.0,0.0,1.0,4.0,19,S3,RM16,2.0,1.0
169,35.0,85563.0,86134.0,0.0,1.0,0.0,0.0,1.0,5.0,19,S3,RM16,2.0,1.0
170,36.0,86564.0,87134.0,0.0,1.0,0.0,0.0,0.0,5.0,19,S3,RM16,13.0,1.0
171,37.0,87574.0,88173.0,0.0,1.0,0.0,0.0,1.0,8.0,19,S3,RM16,7.0,1.0
172,38.0,89012.0,89584.0,0.0,1.0,1.0,1.0,1.0,5.0,19,S3,RM16,4.0,3.0
173,39.0,90738.0,91390.0,0.0,1.0,0.0,0.0,1.0,9.0,19,S3,RM16,7.0,1.0
174,40.0,91818.0,92387.0,0.0,1.0,0.0,0.0,0.0,6.0,19,S3,RM16,7.0,1.0
175,3.0,1.0,1.0,0.0,0.0,1.0,0.0,0.0,0.0,25,S3,RM15,1.0,5.0
176,2.0,1.0,1.0,0.0,0.0,1.0,0.0,0.0,0.0,25,S3,RM15,1.0,5.0
177,4.0,1.0,1.0,0.0,0.0,1.0,1.0,0.0,0.0,25,S3,RM15,1.0,5.0
178,5.0,1.0,1.0,0.0,0.0,0.0,0.0,0.0,0.0,25,S3,RM15,1.0,1.0
179,6.0,1.0,1.0,0.0,0.0,1.0,1.0,0.0,0.0,25,S3,RM15,1.0,5.0
180,8.0,1.0,1.0,0.0,0.0,1.0,1.0,0.0,0.0,25,S3,RM15,1.0,5.0
181,9.0,1.0,1.0,1.0,0.0,1.0,1.0,0.0,0.0,25,S3,RM15,0.0,5.0
182,10.0,1.0,1.0,0.0,0.0,1.0,1.0,0.0,0.0,25,S3,RM15,1.0,5.0
183,11.0,1.0,1.0,0.0,1.0,1.0,0.0,0.0,0.0,25,S3,RM15,3.0,5.0
184,14.0,1.0,1.0,0.0,0.0,1.0,0.0,0.0,0.0,25,S3,RM15,1.0,5.0
185,16.0,1.0,1.0,0.0,0.0,1.0,0.0,0.0,0.0,25,S3,RM15,1.0,5.0
186,17.0,1.0,1.0,0.0,0.0,1.0,0.0,0.0,0.0,25,S3,RM15,1.0,5.0
187,0.0,1.0,1.0,1.0,0.0,1.0,1.0,0.0,0.0,25,S3,RM15,0.0,5.0
188,1.0,1.0,1.0,1.0,0.0,1.0,1.0,0.0,0.0,25,S3,RM15,0.0,5.0
189,7.0,1.0,1.0,1.0,0.0,1.0,1.0,0.0,0.0,25,S3,RM15,0.0,5.0
190,12.0,1.0,1.0,1.0,0.0,1.0,1.0,0.0,0.0,25,S3,RM15,0.0,5.0
191,13.0,1.0,1.0,1.0,0.0,1.0,1.0,0.0,0.0,25,S3,RM15,0.0,5.0
192,15.0,1.0,1.0,1.0,0.0,1.0,1.0,0.0,0.0,25,S3,RM15,0.0,5.0
193,18.0,1.0,1.0,0.0,0.0,1.0,1.0,0.0,0.0,25,S3,RM15,1.0,5.0
194,0.0,1.0,1.0,0.0,0.0,0.0,1.0,0.0,0.0,17,S4,RM15,1.0,1.0
195,1.0,1.0,1.0,0.0,1.0,0.0,0.0,1.0,0.0,17,S4,RM15,2.0,1.0
196,2.0,1.0,1.0,0.0,1.0,0.0,0.0,1.0,0.0,17,S4,RM15,2.0,1.0
197,3.0,1.0,1.0,0.0,1.0,0.0,0.0,0.0,0.0,17,S4,RM15,3.0,1.0
198,4.0,1.0,1.0,0.0,0.0,0.0,0.0,0.0,0.0,17,S4,RM15,1.0,1.0
199,5.0,1.0,1.0,0.0,1.0,0.0,1.0,0.0,0.0,17,S4,RM15,3.0,1.0
200,6.0,1.0,1.0,0.0,1.0,0.0,0.0,0.0,0.0,17,S4,RM15,3.0,1.0
201,7.0,1.0,1.0,0.0,1.0,0.0,1.0,0.0,0.0,17,S4,RM15,2.0,1.0
202,0.0,1358.0,1921.0,1.0,0.0,1.0,0.0,0.0,0.0,20,S1,RM14,0.0,5.0
203,1.0,3092.0,3679.0,0.0,0.0,1.0,0.0,0.0,0.0,20,S1,RM14,1.0,5.0
204,2.0,4104.0,4668.0,0.0,0.0,1.0,0.0,0.0,0.0,20,S1,RM14,1.0,5.0
205,3.0,5418.0,5919.0,0.0,0.0,0.0,0.0,0.0,0.0,20,S1,RM14,1.0,1.0
206,4.0,7127.0,7584.0,0.0,0.0,0.0,0.0,0.0,0.0,20,S1,RM14,1.0,1.0
207,5.0,12048.0,12544.0,0.0,1.0,1.0,0.0,1.0,0.0,20,S1,RM14,2.0,3.0
208,6.0,13145.0,13703.0,0.0,1.0,1.0,0.0,1.0,0.0,20,S1,RM14,4.0,5.0
209,7.0,14120.0,14609.0,0.0,0.0,0.0,0.0,0.0,0.0,20,S1,RM14,1.0,1.0
210,8.0,16153.0,16726.0,0.0,1.0,1.0,0.0,1.0,0.0,20,S1,RM14,4.0,2.0
211,9.0,17276.0,17838.0,1.0,0.0,1.0,0.0,0.0,0.0,20,S1,RM14,0.0,5.0
212,10.0,18557.0,19083.0,0.0,1.0,1.0,0.0,1.0,0.0,20,S1,RM14,2.0,3.0
213,11.0,19543.0,20104.0,0.0,1.0,1.0,0.0,1.0,0.0,20,S1,RM14,4.0,5.0
214,12.0,25112.0,25756.0,0.0,1.0,1.0,0.0,1.0,0.0,20,S1,RM14,3.0,3.0
215,13.0,26288.0,26847.0,0.0,1.0,1.0,0.0,0.0,0.0,20,S1,RM14,4.0,5.0
216,14.0,30104.0,30667.0,0.0,0.0,0.0,0.0,0.0,0.0,20,S1,RM14,1.0,1.0
217,15.0,31876.0,32426.0,1.0,0.0,1.0,0.0,0.0,0.0,20,S1,RM14,0.0,5.0
218,16.0,33928.0,34448.0,0.0,1.0,1.0,0.0,1.0,0.0,20,S1,RM14,2.0,2.0
219,17.0,34880.0,35461.0,0.0,1.0,1.0,0.0,1.0,0.0,20,S1,RM14,2.0,2.0
220,18.0,36083.0,36707.0,0.0,1.0,1.0,0.0,1.0,0.0,20,S1,RM14,3.0,2.0
221,19.0,37190.0,37781.0,0.0,1.0,0.0,0.0,0.0,0.0,20,S1,RM14,3.0,1.0
222,20.0,38580.0,39172.0,0.0,1.0,0.0,0.0,1.0,0.0,20,S1,RM14,2.0,1.0
223,21.0,42519.0,43217.0,0.0,1.0,1.0,0.0,1.0,0.0,20,S1,RM14,2.0,5.0
224,22.0,44318.0,44887.0,0.0,1.0,0.0,0.0,1.0,0.0,20,S1,RM14,6.0,1.0
225,23.0,45311.0,45784.0,0.0,0.0,0.0,0.0,0.0,0.0,20,S1,RM14,1.0,1.0
226,24.0,46207.0,46755.0,0.0,1.0,0.0,0.0,0.0,0.0,20,S1,RM14,2.0,1.0
227,25.0,47341.0,47885.0,0.0,0.0,0.0,0.0,0.0,0.0,20,S1,RM14,1.0,1.0
228,26.0,48442.0,49004.0,0.0,0.0,0.0,0.0,0.0,0.0,20,S1,RM14,1.0,1.0
229,27.0,49425.0,49987.0,0.0,0.0,0.0,0.0,0.0,0.0,20,S1,RM14,1.0,1.0
230,28.0,50410.0,50970.0,0.0,1.0,1.0,0.0,1.0,0.0,20,S1,RM14,6.0,5.0
231,29.0,55926.0,56488.0,0.0,0.0,1.0,0.0,0.0,0.0,20,S1,RM14,1.0,5.0
232,30.0,56911.0,57404.0,0.0,1.0,1.0,0.0,1.0,0.0,20,S1,RM14,2.0,2.0
233,31.0,58700.0,59261.0,0.0,1.0,1.0,0.0,1.0,0.0,20,S1,RM14,5.0,5.0
234,32.0,59708.0,60271.0,0.0,1.0,1.0,0.0,1.0,0.0,20,S1,RM14,3.0,5.0
235,33.0,68042.0,68618.0,0.0,1.0,1.0,0.0,0.0,0.0,20,S1,RM14,3.0,5.0
236,34.0,69121.0,69697.0,0.0,1.0,0.0,0.0,1.0,0.0,20,S1,RM14,3.0,1.0
237,35.0,70242.0,70816.0,0.0,1.0,0.0,0.0,1.0,0.0,20,S1,RM14,4.0,1.0
238,36.0,71549.0,72109.0,0.0,0.0,0.0,0.0,0.0,0.0,20,S1,RM14,1.0,1.0
239,37.0,72541.0,73115.0,0.0,0.0,0.0,0.0,0.0,0.0,20,S1,RM14,1.0,1.0
240,38.0,75805.0,76325.0,0.0,0.0,0.0,0.0,0.0,0.0,20,S1,RM14,1.0,1.0
241,39.0,76756.0,77326.0,0.0,1.0,1.0,0.0,1.0,0.0,20,S1,RM14,4.0,2.0
242,40.0,78866.0,79439.0,0.0,1.0,0.0,0.0,0.0,0.0,20,S1,RM14,2.0,1.0
243,41.0,80692.0,811893.0,0.0,1.0,0.0,0.0,1.0,0.0,20,S1,RM14,2.0,1.0
244,42.0,82560.0,83181.0,0.0,1.0,1.0,0.0,1.0,0.0,20,S1,RM14,2.0,3.0
245,43.0,83612.0,84096.0,0.0,0.0,0.0,0.0,0.0,0.0,20,S1,RM14,1.0,1.0
246,44.0,84527.0,85046.0,0.0,0.0,0.0,0.0,0.0,0.0,20,S1,RM14,1.0,1.0
247,45.0,85475.0,85992.0,0.0,0.0,1.0,0.0,0.0,0.0,20,S1,RM14,1.0,5.0
248,46.0,87271.0,87844.0,0.0,1.0,1.0,0.0,1.0,0.0,20,S1,RM14,2.0,3.0
249,47.0,88275.0,88849.0,0.0,1.0,1.0,0.0,1.0,0.0,20,S1,RM14,4.0,5.0
250,48.0,90043.0,90620.0,0.0,0.0,0.0,0.0,0.0,0.0,20,S1,RM14,1.0,1.0
251,49.0,91675.0,92251.0,0.0,1.0,0.0,0.0,0.0,0.0,20,S1,RM14,2.0,1.0
252,0.0,3144.0,3708.0,1.0,0.0,1.0,0.0,0.0,0.0,18,S2,RM14,0.0,5.0
253,1.0,6876.0,7735.0,0.0,1.0,1.0,0.0,1.0,0.0,18,S2,RM14,2.0,3.0
254,2.0,9931.0,10499.0,0.0,1.0,1.0,0.0,1.0,0.0,18,S2,RM14,2.0,3.0
255,3.0,12640.0,13206.0,0.0,0.0,0.0,0.0,0.0,0.0,18,S2,RM14,1.0,1.0
256,4.0,13703.0,14446.0,0.0,1.0,1.0,0.0,1.0,0.0,18,S2,RM14,3.0,2.0
257,5.0,14895.0,15445.0,0.0,1.0,1.0,0.0,1.0,0.0,18,S2,RM14,3.0,3.0
258,6.0,15893.0,16457.0,1.0,0.0,1.0,0.0,0.0,0.0,18,S2,RM14,0.0,5.0
259,7.0,16874.0,17465.0,0.0,1.0,1.0,0.0,1.0,0.0,18,S2,RM14,2.0,5.0
260,8.0,21293.0,21792.0,0.0,1.0,0.0,0.0,1.0,0.0,18,S2,RM14,2.0,1.0
261,9.0,22507.0,23014.0,0.0,1.0,1.0,0.0,1.0,0.0,18,S2,RM14,2.0,3.0
262,10.0,23638.0,24203.0,0.0,1.0,0.0,0.0,0.0,0.0,18,S2,RM14,2.0,1.0
263,11.0,24730.0,25296.0,0.0,0.0,1.0,0.0,0.0,0.0,18,S2,RM14,1.0,5.0
264,12.0,26751.0,27319.0,1.0,0.0,1.0,0.0,0.0,0.0,18,S2,RM14,0.0,5.0
265,13.0,29469.0,30040.0,1.0,0.0,1.0,0.0,0.0,0.0,18,S2,RM14,0.0,5.0
266,14.0,30505.0,31091.0,1.0,0.0,1.0,0.0,0.0,0.0,18,S2,RM14,0.0,5.0
267,15.0,31689.0,32276.0,0.0,0.0,0.0,0.0,0.0,0.0,18,S2,RM14,1.0,1.0
268,16.0,35532.0,36112.0,0.0,1.0,1.0,0.0,1.0,0.0,18,S2,RM14,5.0,5.0
269,17.0,36593.0,37174.0,1.0,0.0,1.0,0.0,0.0,0.0,18,S2,RM14,0.0,5.0
270,18.0,38288.0,38927.0,0.0,1.0,1.0,0.0,0.0,0.0,18,S2,RM14,2.0,5.0
271,19.0,39478.0,40047.0,0.0,1.0,0.0,0.0,0.0,0.0,18,S2,RM14,2.0,1.0
272,20.0,43806.0,44379.0,1.0,0.0,1.0,0.0,0.0,0.0,18,S2,RM14,0.0,5.0
273,21.0,46307.0,46888.0,0.0,0.0,1.0,0.0,0.0,0.0,18,S2,RM14,1.0,5.0
274,22.0,47932.0,48511.0,1.0,0.0,1.0,0.0,0.0,0.0,18,S2,RM14,0.0,5.0
275,23.0,48947.0,49591.0,0.0,1.0,1.0,0.0,1.0,0.0,18,S2,RM14,2.0,3.0
276,24.0,54297.0,54875.0,0.0,1.0,0.0,0.0,1.0,0.0,18,S2,RM14,3.0,1.0
277,25.0,55317.0,55894.0,1.0,0.0,1.0,0.0,0.0,0.0,18,S2,RM14,0.0,5.0
278,26.0,68274.0,69141.0,0.0,1.0,0.0,0.0,1.0,0.0,18,S2,RM14,3.0,1.0
279,27.0,69617.0,70207.0,0.0,1.0,1.0,0.0,0.0,0.0,18,S2,RM14,2.0,5.0
280,28.0,72591.0,73164.0,0.0,1.0,0.0,0.0,1.0,0.0,18,S2,RM14,2.0,1.0
281,29.0,73719.0,74223.0,0.0,1.0,0.0,0.0,1.0,0.0,18,S2,RM14,2.0,1.0
282,30.0,79481.0,80078.0,0.0,1.0,1.0,0.0,1.0,0.0,18,S2,RM14,2.0,3.0
283,31.0,80529.0,81127.0,1.0,0.0,1.0,0.0,0.0,0.0,18,S2,RM14,0.0,5.0
284,32.0,83369.0,83963.0,0.0,1.0,1.0,0.0,1.0,0.0,18,S2,RM14,4.0,5.0
285,33.0,84447.0,85042.0,0.0,1.0,1.0,0.0,1.0,0.0,18,S2,RM14,4.0,5.0
286,34.0,85491.0,86088.0,0.0,1.0,1.0,0.0,0.0,0.0,18,S2,RM14,3.0,5.0
287,35.0,86539.0,87139.0,0.0,1.0,1.0,0.0,1.0,0.0,18,S2,RM14,5.0,3.0
288,36.0,88801.0,89422.0,0.0,1.0,1.0,0.0,1.0,0.0,18,S2,RM14,4.0,2.0
289,37.0,89877.0,90689.0,0.0,1.0,0.0,0.0,1.0,0.0,18,S2,RM14,3.0,1.0
290,38.0,91302.0,91901.0,0.0,0.0,1.0,0.0,1.0,0.0,18,S2,RM14,1.0,5.0
291,39.0,96013.0,96611.0,0.0,1.0,1.0,0.0,1.0,0.0,18,S2,RM14,4.0,5.0
292,0.0,0.0,0.0,1.0,0.0,1.0,1.0,0.0,0.0,20,S3,RM13,0.0,5.0
293,1.0,0.0,0.0,0.0,1.0,0.0,1.0,0.0,0.0,20,S3,RM13,2.0,1.0
294,2.0,0.0,0.0,0.0,0.0,1.0,1.0,0.0,0.0,20,S3,RM13,1.0,5.0
295,3.0,0.0,0.0,1.0,0.0,1.0,1.0,0.0,0.0,20,S3,RM13,0.0,5.0
296,4.0,0.0,0.0,0.0,0.0,0.0,1.0,0.0,0.0,20,S3,RM13,1.0,1.0
297,5.0,0.0,0.0,0.0,0.0,1.0,1.0,0.0,0.0,20,S3,RM13,1.0,5.0
298,6.0,0.0,0.0,0.0,0.0,1.0,1.0,0.0,0.0,20,S3,RM13,1.0,5.0
299,7.0,0.0,0.0,0.0,1.0,0.0,1.0,0.0,0.0,20,S3,RM13,4.0,1.0
300,8.0,0.0,0.0,0.0,0.0,1.0,1.0,0.0,0.0,20,S3,RM13,1.0,5.0
301,9.0,0.0,0.0,0.0,1.0,1.0,1.0,0.0,0.0,20,S3,RM13,2.0,5.0
302,10.0,0.0,0.0,0.0,1.0,0.0,1.0,0.0,0.0,20,S3,RM13,2.0,1.0
303,11.0,0.0,0.0,0.0,0.0,1.0,1.0,0.0,0.0,20,S3,RM13,1.0,5.0
304,12.0,0.0,0.0,0.0,0.0,1.0,1.0,0.0,0.0,20,S3,RM13,1.0,5.0
305,13.0,0.0,0.0,1.0,0.0,1.0,1.0,0.0,0.0,20,S3,RM13,0.0,5.0
306,14.0,0.0,0.0,0.0,0.0,1.0,1.0,0.0,0.0,20,S3,RM13,1.0,5.0
307,15.0,0.0,0.0,0.0,0.0,1.0,1.0,0.0,0.0,20,S3,RM13,1.0,5.0
308,16.0,0.0,0.0,0.0,0.0,0.0,1.0,0.0,0.0,20,S3,RM13,1.0,1.0
309,17.0,0.0,0.0,0.0,0.0,0.0,1.0,0.0,0.0,20,S3,RM13,1.0,1.0
310,18.0,0.0,0.0,0.0,1.0,1.0,1.0,1.0,0.0,20,S3,RM13,6.0,5.0
311,19.0,0.0,0.0,0.0,1.0,1.0,1.0,1.0,0.0,20,S3,RM13,13.0,3.0
312,20.0,0.0,0.0,0.0,1.0,0.0,1.0,0.0,0.0,20,S3,RM13,5.0,1.0
313,21.0,0.0,0.0,0.0,1.0,0.0,1.0,0.0,0.0,20,S3,RM13,3.0,1.0
314,22.0,0.0,0.0,1.0,0.0,1.0,1.0,0.0,0.0,20,S3,RM13,0.0,5.0
315,23.0,0.0,0.0,0.0,1.0,1.0,1.0,0.0,0.0,20,S3,RM13,2.0,5.0
316,24.0,0.0,0.0,0.0,1.0,1.0,1.0,0.0,0.0,20,S3,RM13,2.0,5.0
317,25.0,0.0,0.0,1.0,0.0,1.0,1.0,0.0,0.0,20,S3,RM13,0.0,5.0
318,26.0,0.0,0.0,0.0,0.0,1.0,1.0,0.0,0.0,20,S3,RM13,1.0,5.0
319,27.0,0.0,0.0,1.0,0.0,1.0,1.0,0.0,0.0,20,S3,RM13,0.0,5.0
320,28.0,0.0,0.0,0.0,1.0,1.0,1.0,0.0,0.0,20,S3,RM13,2.0,5.0
321,29.0,0.0,0.0,0.0,1.0,0.0,1.0,0.0,0.0,20,S3,RM13,2.0,1.0
322,30.0,0.0,0.0,0.0,1.0,1.0,1.0,1.0,0.0,20,S3,RM13,2.0,3.0
323,31.0,0.0,0.0,0.0,1.0,1.0,1.0,1.0,0.0,20,S3,RM13,6.0,5.0
324,32.0,0.0,0.0,0.0,1.0,0.0,1.0,0.0,0.0,20,S3,RM13,4.0,1.0
325,33.0,0.0,0.0,0.0,1.0,1.0,1.0,0.0,0.0,20,S3,RM13,2.0,5.0
326,34.0,0.0,0.0,0.0,0.0,1.0,1.0,0.0,0.0,20,S3,RM13,1.0,5.0
327,35.0,0.0,0.0,0.0,0.0,1.0,1.0,0.0,0.0,20,S3,RM13,1.0,5.0
328,36.0,0.0,0.0,0.0,0.0,1.0,1.0,0.0,0.0,20,S3,RM13,1.0,5.0
329,37.0,0.0,0.0,0.0,1.0,1.0,1.0,0.0,0.0,20,S3,RM13,5.0,5.0
330,38.0,0.0,0.0,1.0,0.0,1.0,1.0,0.0,0.0,20,S3,RM13,0.0,5.0
331,39.0,0.0,0.0,0.0,1.0,1.0,1.0,0.0,0.0,20,S3,RM13,4.0,5.0
332,40.0,0.0,0.0,0.0,0.0,1.0,1.0,0.0,0.0,20,S3,RM13,1.0,5.0
333,41.0,0.0,0.0,0.0,1.0,0.0,1.0,0.0,0.0,20,S3,RM13,3.0,1.0
334,42.0,0.0,0.0,1.0,0.0,1.0,1.0,0.0,0.0,20,S3,RM13,0.0,5.0
335,43.0,0.0,0.0,0.0,0.0,1.0,1.0,0.0,0.0,20,S3,RM13,1.0,5.0
336,44.0,0.0,0.0,0.0,1.0,1.0,1.0,0.0,0.0,20,S3,RM13,2.0,5.0
337,45.0,0.0,0.0,0.0,1.0,1.0,1.0,1.0,0.0,20,S3,RM13,6.0,5.0
338,46.0,0.0,0.0,0.0,1.0,1.0,1.0,1.0,0.0,20,S3,RM13,10.0,3.0
339,47.0,0.0,0.0,0.0,0.0,1.0,1.0,0.0,0.0,20,S3,RM13,1.0,5.0
340,48.0,0.0,0.0,0.0,0.0,1.0,1.0,0.0,0.0,20,S3,RM13,1.0,5.0
341,49.0,0.0,0.0,0.0,1.0,0.0,1.0,0.0,0.0,20,S3,RM13,7.0,1.0
342,50.0,0.0,0.0,0.0,1.0,1.0,1.0,0.0,0.0,20,S3,RM13,6.0,5.0
343,51.0,0.0,0.0,0.0,0.0,1.0,1.0,0.0,0.0,20,S3,RM13,1.0,5.0
344,52.0,0.0,0.0,0.0,1.0,1.0,1.0,0.0,0.0,20,S3,RM13,2.0,5.0
345,53.0,0.0,0.0,0.0,0.0,1.0,1.0,0.0,0.0,20,S3,RM13,1.0,5.0
346,54.0,0.0,0.0,1.0,0.0,1.0,1.0,0.0,0.0,20,S3,RM13,0.0,5.0
347,55.0,0.0,0.0,1.0,0.0,1.0,1.0,0.0,0.0,20,S3,RM13,0.0,5.0
348,56.0,0.0,0.0,0.0,1.0,1.0,1.0,0.0,0.0,20,S3,RM13,3.0,5.0
349,0.0,0.0,0.0,1.0,0.0,1.0,0.0,0.0,0.0,19,S1,RM12,0.0,5.0
350,1.0,0.0,0.0,1.0,0.0,1.0,0.0,0.0,0.0,19,S1,RM12,0.0,5.0
351,2.0,0.0,0.0,1.0,0.0,1.0,0.0,0.0,0.0,19,S1,RM12,0.0,5.0
352,3.0,0.0,0.0,1.0,0.0,1.0,0.0,0.0,0.0,19,S1,RM12,0.0,5.0
353,4.0,0.0,0.0,1.0,0.0,1.0,0.0,0.0,0.0,19,S1,RM12,0.0,5.0
354,0.0,0.0,0.0,0.0,0.0,1.0,0.0,0.0,0.0,18,S4,RM11,1.0,5.0
355,1.0,0.0,0.0,0.0,0.0,1.0,0.0,0.0,0.0,18,S4,RM11,1.0,5.0
356,2.0,0.0,0.0,0.0,0.0,1.0,0.0,0.0,0.0,18,S4,RM11,1.0,5.0
357,3.0,0.0,0.0,1.0,0.0,1.0,0.0,0.0,0.0,18,S4,RM11,0.0,5.0
358,4.0,0.0,0.0,0.0,0.0,1.0,0.0,0.0,0.0,18,S4,RM11,1.0,5.0
359,5.0,0.0,0.0,0.0,0.0,1.0,0.0,0.0,0.0,18,S4,RM11,1.0,5.0
360,6.0,0.0,0.0,0.0,0.0,1.0,0.0,0.0,0.0,18,S4,RM11,1.0,5.0
361,7.0,0.0,0.0,0.0,0.0,1.0,0.0,0.0,0.0,18,S4,RM11,1.0,5.0
362,8.0,0.0,0.0,0.0,0.0,1.0,0.0,0.0,0.0,18,S4,RM11,1.0,5.0
363,9.0,0.0,0.0,0.0,0.0,1.0,0.0,0.0,0.0,18,S4,RM11,1.0,5.0
364,10.0,0.0,0.0,0.0,0.0,1.0,0.0,0.0,0.0,18,S4,RM11,1.0,5.0
365,11.0,0.0,0.0,0.0,0.0,1.0,0.0,0.0,0.0,18,S4,RM11,1.0,5.0
366,12.0,0.0,0.0,0.0,0.0,1.0,0.0,0.0,0.0,18,S4,RM11,1.0,5.0
367,13.0,0.0,0.0,0.0,0.0,1.0,0.0,0.0,0.0,18,S4,RM11,1.0,5.0
368,14.0,0.0,0.0,0.0,0.0,1.0,0.0,0.0,0.0,18,S4,RM11,1.0,5.0
369,15.0,0.0,0.0,0.0,0.0,1.0,0.0,0.0,0.0,18,S4,RM11,1.0,5.0
370,16.0,0.0,0.0,0.0,0.0,1.0,0.0,0.0,0.0,18,S4,RM11,1.0,5.0
371,17.0,0.0,0.0,0.0,0.0,1.0,0.0,0.0,0.0,18,S4,RM11,1.0,5.0
372,18.0,0.0,0.0,0.0,0.0,1.0,0.0,0.0,0.0,18,S4,RM11,1.0,5.0
373,19.0,0.0,0.0,0.0,0.0,1.0,0.0,0.0,0.0,18,S4,RM11,1.0,5.0
374,20.0,0.0,0.0,1.0,0.0,1.0,0.0,0.0,0.0,18,S4,RM11,0.0,5.0
375,21.0,0.0,0.0,0.0,0.0,1.0,0.0,0.0,0.0,18,S4,RM11,1.0,5.0
376,22.0,0.0,0.0,0.0,0.0,1.0,0.0,0.0,0.0,18,S4,RM11,1.0,5.0
377,23.0,0.0,0.0,0.0,0.0,1.0,0.0,0.0,0.0,18,S4,RM11,1.0,5.0
378,24.0,0.0,0.0,0.0,0.0,1.0,0.0,0.0,0.0,18,S4,RM11,1.0,5.0
379,25.0,0.0,0.0,0.0,0.0,1.0,0.0,0.0,0.0,18,S4,RM11,1.0,5.0
380,26.0,0.0,0.0,0.0,1.0,1.0,0.0,0.0,0.0,18,S4,RM11,2.0,5.0
381,27.0,0.0,0.0,1.0,0.0,1.0,0.0,0.0,0.0,18,S4,RM11,0.0,5.0
382,28.0,0.0,0.0,1.0,0.0,1.0,0.0,0.0,0.0,18,S4,RM11,0.0,5.0
383,1.0,0.0,0.0,0.0,0.0,0.0,0.0,0.0,0.0,17,S2,RM10,1.0,1.0
384,2.0,0.0,0.0,0.0,0.0,0.0,0.0,0.0,0.0,17,S2,RM10,1.0,1.0
385,3.0,0.0,0.0,0.0,0.0,0.0,0.0,0.0,0.0,17,S2,RM10,1.0,1.0
386,4.0,0.0,0.0,0.0,0.0,0.0,0.0,0.0,0.0,17,S2,RM10,1.0,1.0
387,5.0,0.0,0.0,0.0,0.0,0.0,0.0,0.0,0.0,17,S2,RM10,1.0,1.0
388,6.0,0.0,0.0,0.0,0.0,0.0,0.0,0.0,0.0,17,S2,RM10,1.0,1.0
389,7.0,0.0,0.0,0.0,0.0,0.0,0.0,0.0,0.0,17,S2,RM10,1.0,1.0
390,0.0,0.0,0.0,0.0,0.0,0.0,0.0,0.0,0.0,19,S3,RM9,1.0,1.0
391,1.0,0.0,0.0,1.0,0.0,1.0,0.0,0.0,0.0,19,S3,RM9,0.0,5.0
392,2.0,0.0,0.0,1.0,0.0,1.0,0.0,0.0,0.0,19,S3,RM9,0.0,5.0
393,3.0,0.0,0.0,1.0,0.0,1.0,0.0,0.0,0.0,19,S3,RM9,0.0,5.0
394,4.0,0.0,0.0,0.0,0.0,0.0,0.0,0.0,0.0,19,S3,RM9,1.0,1.0
395,5.0,0.0,0.0,0.0,1.0,0.0,0.0,0.0,0.0,19,S3,RM9,2.0,1.0
396,6.0,0.0,0.0,0.0,0.0,0.0,0.0,0.0,0.0,19,S3,RM9,1.0,1.0
397,7.0,0.0,0.0,0.0,0.0,0.0,0.0,0.0,0.0,19,S3,RM9,1.0,1.0
398,8.0,0.0,0.0,0.0,0.0,0.0,0.0,0.0,0.0,19,S3,RM9,1.0,1.0
399,9.0,0.0,0.0,1.0,0.0,1.0,0.0,0.0,0.0,19,S3,RM9,0.0,5.0
400,10.0,0.0,0.0,0.0,1.0,0.0,0.0,0.0,0.0,19,S3,RM9,2.0,1.0
401,11.0,0.0,0.0,1.0,0.0,1.0,0.0,0.0,0.0,19,S3,RM9,0.0,5.0
402,12.0,0.0,0.0,0.0,0.0,0.0,0.0,0.0,0.0,19,S3,RM9,1.0,1.0
403,13.0,0.0,0.0,0.0,0.0,0.0,0.0,0.0,0.0,19,S3,RM9,1.0,1.0
404,14.0,0.0,0.0,0.0,1.0,1.0,0.0,1.0,0.0,19,S3,RM9,2.0,3.0
405,15.0,0.0,0.0,1.0,0.0,1.0,0.0,0.0,0.0,19,S3,RM9,0.0,5.0
406,16.0,0.0,0.0,0.0,0.0,0.0,0.0,0.0,0.0,19,S3,RM9,1.0,1.0
407,17.0,0.0,0.0,0.0,0.0,0.0,0.0,0.0,0.0,19,S3,RM9,1.0,1.0
408,18.0,0.0,0.0,1.0,0.0,1.0,0.0,0.0,0.0,19,S3,RM9,0.0,5.0
409,19.0,0.0,0.0,0.0,0.0,0.0,0.0,0.0,0.0,19,S3,RM9,1.0,1.0
410,20.0,0.0,0.0,0.0,0.0,1.0,0.0,0.0,0.0,19,S3,RM9,1.0,3.0
411,21.0,0.0,0.0,0.0,1.0,1.0,0.0,1.0,0.0,19,S3,RM9,2.0,3.0
412,22.0,0.0,0.0,0.0,0.0,0.0,0.0,0.0,0.0,19,S3,RM9,1.0,1.0
413,23.0,0.0,0.0,1.0,0.0,1.0,0.0,0.0,0.0,19,S3,RM9,0.0,5.0
414,24.0,0.0,0.0,0.0,0.0,0.0,0.0,0.0,0.0,19,S3,RM9,1.0,1.0
415,25.0,0.0,0.0,1.0,0.0,1.0,0.0,0.0,0.0,19,S3,RM9,0.0,5.0
416,26.0,0.0,0.0,1.0,0.0,1.0,0.0,0.0,0.0,19,S3,RM9,0.0,5.0
417,27.0,0.0,0.0,0.0,0.0,0.0,0.0,0.0,0.0,19,S3,RM9,1.0,1.0
418,28.0,0.0,0.0,0.0,0.0,1.0,0.0,0.0,0.0,19,S3,RM9,1.0,5.0
419,29.0,0.0,0.0,1.0,0.0,1.0,0.0,0.0,0.0,19,S3,RM9,0.0,5.0
420,30.0,0.0,0.0,1.0,0.0,1.0,0.0,0.0,0.0,19,S3,RM9,0.0,5.0
421,31.0,0.0,0.0,1.0,0.0,1.0,0.0,0.0,0.0,19,S3,RM9,0.0,5.0
422,32.0,0.0,0.0,1.0,0.0,1.0,0.0,0.0,0.0,19,S3,RM9,0.0,5.0
423,33.0,0.0,0.0,0.0,0.0,0.0,0.0,0.0,0.0,19,S3,RM9,1.0,1.0
424,34.0,0.0,0.0,1.0,0.0,1.0,0.0,0.0,0.0,19,S3,RM9,0.0,5.0
425,35.0,0.0,0.0,0.0,0.0,0.0,0.0,0.0,0.0,19,S3,RM9,1.0,1.0
426,36.0,0.0,0.0,1.0,0.0,1.0,0.0,0.0,0.0,19,S3,RM9,0.0,5.0
427,37.0,0.0,0.0,1.0,0.0,1.0,0.0,0.0,0.0,19,S3,RM9,0.0,5.0
428,38.0,0.0,0.0,0.0,0.0,0.0,0.0,0.0,0.0,19,S3,RM9,1.0,1.0
429,39.0,0.0,0.0,1.0,0.0,1.0,0.0,0.0,0.0,19,S3,RM9,0.0,5.0
430,40.0,0.0,0.0,1.0,0.0,1.0,0.0,0.0,0.0,19,S3,RM9,0.0,5.0
431,41.0,0.0,0.0,1.0,0.0,1.0,0.0,0.0,0.0,19,S3,RM9,0.0,5.0
432,42.0,0.0,0.0,0.0,1.0,0.0,0.0,0.0,0.0,19,S3,RM9,2.0,1.0
433,43.0,0.0,0.0,0.0,0.0,0.0,0.0,0.0,0.0,19,S3,RM9,1.0,1.0
434,44.0,0.0,0.0,1.0,0.0,1.0,0.0,0.0,0.0,19,S3,RM9,0.0,5.0
435,45.0,0.0,0.0,0.0,1.0,0.0,0.0,0.0,0.0,19,S3,RM9,2.0,1.0
436,46.0,0.0,0.0,1.0,0.0,1.0,0.0,0.0,0.0,19,S3,RM9,0.0,5.0
437,47.0,0.0,0.0,1.0,0.0,1.0,0.0,0.0,0.0,19,S3,RM9,0.0,5.0
438,48.0,0.0,0.0,0.0,0.0,0.0,0.0,0.0,0.0,19,S3,RM9,1.0,1.0
439,49.0,0.0,0.0,1.0,0.0,1.0,0.0,0.0,0.0,19,S3,RM9,0.0,5.0
440,50.0,0.0,0.0,1.0,0.0,1.0,0.0,0.0,0.0,19,S3,RM9,0.0,5.0
